{
  "project_info": {
    "project_number": "233386577059",
    "firebase_url": "https://aifirebasedemo.firebaseio.com",
    "project_id": "aifirebasedemo",
    "storage_bucket": "aifirebasedemo.appspot.com"
  },
  "client": [
    {
      "client_info": {
        "mobilesdk_app_id": "1:233386577059:android:2536372c8669cc91",
        "android_client_info": {
          "package_name": "com.ai.aifirebasedemo"
        }
      },
      "oauth_client": [
        {
          "client_id": "233386577059-2lemn0sv1bo96bh48rilgc2opmmgqe00.apps.googleusercontent.com",
          "client_type": 1,
          "android_info": {
            "package_name": "com.ai.aifirebasedemo",
            "certificate_hash": "5b14061cb9daa169720433856bcfc5c1620c1ac0"
          }
        },
        {
          "client_id": "233386577059-1mq1svvha3l6qn2ngj3e5gur4k9fqji3.apps.googleusercontent.com",
          "client_type": 3
        }
      ],
      "api_key": [
        {
          "current_key": "AIzaSyDI6268y2Ixh5h1RC6t5qHloI05jQ59VxE"
        }
      ],
      "services": {
        "appinvite_service": {
          "other_platform_oauth_client": [
            {
              "client_id": "233386577059-1mq1svvha3l6qn2ngj3e5gur4k9fqji3.apps.googleusercontent.com",
              "client_type": 3
            }
          ]
        }
      }
    }
  ],
  "configuration_version": "1"
}